Transport_ID,Distance_km,Fuel_Consumption_liter,CO2_Emissions_kg,Cost_USD
1,437.0861069626262,26.66196359547577,3.355351153623154,3527.163473940041
2,955.6428757689246,58.77108526405223,3.2228091916479986,4085.0662873611755
3,758.7945476302646,88.56512522887675,9.15629122468933,1627.1055445662455
4,638.792635777333,75.9002397768605,3.245915798645555,3311.9334482314953
5,240.41677639819287,82.59050330753047,3.447547535157679,3072.856924146869
6,240.3950683025824,69.29050300396456,7.8345843617616735,4247.73669554722
7,152.27525095137952,72.30489080660672,5.04765858205486,4577.391772165673
8,879.5585311974417,86.42760864087873,7.990395012596631,554.7054716482406
9,641.0035105688879,32.470120797326736,1.588295418079467,3533.089635764567
10,737.2653200164409,54.04824672788264,5.388140743060458,733.2610960387806
11,118.52604486622221,29.908849763764202,1.3025224016495436,2969.8639928481016
12,972.9188669457949,98.89012071969823,1.5638788310981906,1794.347280696552
13,849.1983767203795,94.9653405717952,9.157937080099698,1880.4946978496355
14,291.10519961044855,13.54841302316553,2.2532083400583565,2088.313265535605
15,263.64247048639055,73.50176552641196,5.791786140476954,3295.8160207232454
16,265.06405886809046,93.27234856740992,4.699860423406359,2003.2248455094614
17,373.8180186635839,26.25178106146002,4.126089936329584,3797.145727656262
18,572.280788469014,61.11507074973665,9.098500111185452,2320.373235082414
19,488.7505167779042,92.39394678292376,1.1964105709794055,807.5894013948138
20,362.1062261782377,13.055138072721896,6.9741071755803015,4026.9192911784826
21,650.6676052501415,72.76782405221559,9.670549907921954,1785.9124606671771
22,225.54447458683765,36.761410663529574,6.041513651156578,2447.4509581966818
23,362.93018368169635,93.19565758388774,9.431402158297827,3584.497474498557
24,429.7256589643225,97.39524206488309,1.470320913574214,1996.052707169204
25,510.4629857953323,94.98398402020905,4.769139871667452,754.6354526602203
26,806.6583652537122,52.67927949917174,3.3414201186584602,2182.644711557661
27,279.70640394252376,87.58383858903821,7.577388684826568,4750.018622124366
28,562.8109945722504,86.00944586815633,9.83167381447522,3387.804787843512
29,633.1731119758382,38.71904259189301,3.30877056199823,3521.656169002431
30,141.80537144799794,84.60239267356096,6.88757141326667,3345.2696913693794
31,646.7903667112945,13.330687124394336,2.7828786948376614,1395.4646253174656
32,253.47171131856237,63.66428906338477,6.087972291144489,2382.5023884602606
33,158.54643368675156,30.700795355893273,5.175392380195026,3879.229092634932
34,953.9969835279999,20.851019719955094,9.748047966683833,956.1780389892161
35,969.0688297671035,16.925788146628825,6.476745454268199,1750.3374924037053
36,827.557613304815,72.66598982903258,4.145557348781369,1743.4359880963414
37,374.15239225603364,40.58874673912595,2.0268620639914,2444.0851741752767
38,187.90490260574546,75.22900943758853,2.361221458614411,4911.659334239833
39,715.8097238609412,15.882070671904813,3.0278523695611157,803.7614600771988
40,496.13724436564115,38.37613040475493,3.258699952062682,2834.1544747126777
41,209.83441136030095,58.55421631378035,8.65554452057024,1307.141069054947
42,545.6592191001432,81.16508483550672,6.051005094542724,4868.044454343849
43,130.94966900369656,38.68772526388629,5.710518202369298,1009.865771273589
44,918.3883618709039,66.33022387933082,2.0329198468229572,2316.2045106271607
45,332.9019834400152,89.73799734125684,8.741257240144915,3820.4824317557277
46,696.2700559185838,65.42768693640741,7.5053287288763535,3670.494926123504
47,380.53996848046984,30.96635272782704,1.6090152571000143,2402.278866022695
48,568.0612190600298,12.196070340088422,7.370515875067918,2059.358755787232
49,592.0392514089517,88.3088986510837,5.8918439560838145,2289.2557034879173
50,266.36900997297437,11.914246976534843,1.7355281117210044,1689.2431842138767
51,972.6261649881027,88.72315054157795,5.124705773757908,1423.9982241805992
52,797.6195410250031,57.60434206244908,5.362266584170423,2673.678639015005
53,945.5490474077702,94.51609286616066,2.4919708614694818,1708.4019023042329
54,905.3446153848839,81.89049121962988,9.51128332300254,1793.5774920376255
55,638.1099809299766,99.81406994800037,8.649778343325957,3455.402285635507
56,929.6868115208051,41.564063390653914,7.021201035961975,4858.417992649515
57,179.64325184672754,79.04694600380142,5.160660049005465,3216.367402517188
58,276.38457617723066,46.1737822248318,4.705889874260577,846.4076017923483
59,140.70456001948426,53.18880582735179,6.858761204358587,840.1262623433014
60,392.7972976869379,66.47549168965331,5.908886824662149,4781.4044938050465
61,449.8095607205338,88.63094027677049,1.5604579529369706,1837.8085563830014
62,344.2141285965063,98.56751222793656,5.612523838932985,914.3014373711394
63,845.8637582367364,79.14460724780663,8.257632555095554,3195.700642176717
64,421.07799402423035,47.59901039506004,5.133158898372622,3306.4195023061975
65,352.84105871864267,47.922130204936316,1.4676091979884158,3418.2716905340967
66,588.4264748424237,76.38240714300024,8.076503794456297,1703.309125358936
67,226.83180247728637,31.48994311914721,2.8122740392237695,567.9980789651377
68,821.9772826786357,19.94267018182552,3.327587513992349,4842.569162545124
69,167.09557931179376,41.91599418766989,2.482357180890663,1629.0187056099612
70,988.1982429404655,35.85150924886736,3.971935583843478,3542.1182962364637
71,795.0202923669917,36.66773084103911,7.810763551197716,3679.834414454193
72,278.8441133807552,31.024697594491894,5.674472735535436,3245.0333768576857
73,104.96990541124217,13.78838706727257,2.843931467356413,1908.083273961417
74,833.9152856093507,11.608654126007243,8.900470703368367,1719.9331419382959
75,736.1716094628554,98.89501507624284,8.916236694563763,3189.507272162164
76,756.1064512368886,48.49958203622761,8.835205825414063,4397.430351252611
77,794.1433120173511,44.58939824437135,3.1491659024338534,4760.3017801552805
78,166.64018656068134,71.16825544237628,5.061154097628893,976.5761198169093
79,422.61915568984534,29.642849907855776,9.864906905267876,1196.7287566897394
80,204.28215357261675,95.49650655552028,7.948112286789914,4751.313164523858
81,876.7930832880342,80.77105129739968,1.2445067910300383,3814.4085275065668
82,660.9683141448021,18.046990208103356,1.5868413213444286,4473.472211733979
83,397.80822236738425,47.58226982064355,5.175382391310995,1411.846853609044
84,157.20251525742128,89.12064768059483,9.182981852754041,3144.136419992308
85,379.88408954409596,95.02588200622692,5.848316181574428,3655.1281748786314
86,392.66498982407234,52.06613601248827,5.480312572308612,3560.503484511377
87,756.6455605042577,65.2070250289637,1.9492632996096753,2336.6826089001415
88,673.8017242196918,25.03305514828677,6.911020942518647,569.2770126108882
89,898.4914683186939,99.20517635232788,8.39892844540203,3123.1672556191843
90,524.9934326457544,30.850453124509905,4.423780067568061,1638.9569263082394
91,207.63482134447153,94.84585967216131,7.980506658327947,2526.1441076430065
92,741.9203085006955,68.46819840931316,9.680289885107305,4809.114567877178
93,784.7065437552077,64.69631153909732,2.833898132149202,2295.6589293909565
94,605.1494778125466,56.141965991485776,5.709966680752672,4279.107229989921
95,793.8704619591049,30.760283054598283,3.58424162276118,1348.43272587163
96,544.4160367279517,25.887522880495744,8.135689771304554,3526.07224111263
97,570.4595464437946,29.84375881631578,6.198340292930418,4896.531294975246
98,484.78691652269464,26.779443592982908,6.711241757952734,958.5189539282155
99,122.87721406968566,80.16260262100779,8.181227436543047,537.439740022364
100,197.102284293974,41.51127332500571,4.563734253962094,2451.1225668467646
101,128.28626711806083,15.205840890705673,9.23581061566339,916.8146737311524
102,672.7693701374023,97.21923671267302,5.797259805215259,3867.729573543041
103,382.920382968694,89.54072964670831,2.421593405518132,4615.468987318515
104,557.7136220482325,93.49770548756916,7.263092063519222,2453.0943771894144
105,916.8098265334837,99.54170403817918,8.13935215394429,1664.2023896994842
106,324.36300623398745,25.650572429753858,3.85085509360774,2454.8149355297437
107,469.3446307320668,45.661781701239285,8.714613312988778,3755.5151803250046
108,779.9960246887438,78.24146281336822,9.155289292891897,540.7437271116694
109,305.9183489424602,72.6418556248413,3.4921403864002802,3152.542952681137
110,169.2819188459137,23.850631570586955,9.851693254436999,3259.8125819932056
111,360.77630762239124,83.42498124915559,2.266403752438826,3369.5971110317096
112,245.09915852860397,30.19965146529946,2.81814101562241,1589.0993599139474
113,936.7278871083157,30.14358533403608,2.658023553142235,3713.2372552015704
114,827.3083416079753,58.32769806040722,9.045907390070834,911.2616884929938
115,670.0633808593811,63.364594135753286,6.8886329709246565,1396.7165141006035
116,884.3145311689459,62.20775870540301,2.3689385490004558,4448.615209945168
117,823.304869209203,18.233815365797938,4.962910765315141,3824.2541782695484
118,267.91305299743226,88.97147763673424,6.5376822256282185,561.8549930510536
119,903.30309864098,33.90400383298355,1.7511767649044496,1617.6931716641009
120,585.4080177240857,21.656342915452377,8.94174731566605,1464.8291734692407
121,826.6961396476563,89.98732718820794,8.232431818973817,1718.6284761663767
122,906.4821699311439,96.0086348406778,5.5468609621897444,1614.0189662594887
123,386.2031274746775,87.59148555389055,9.704139537332534,781.3683308428058
124,199.04673207490907,82.85644672523902,4.759848813475897,2565.2323246856913
125,305.1416462877475,68.97177825751196,9.85699287132848,3797.3006365377432
126,484.3970097636307,59.57716335482254,7.011279989232643,3230.292761228464
127,836.2132893302438,17.828808392026914,6.712041459285473,3527.922508691359
128,874.6575249307091,46.760789176362884,2.493594057662065,865.1713034130762
129,106.25691747807163,43.54196653110826,8.937349824741796,4781.708195795542
130,559.6725723198092,33.37784053842935,4.847407191285536,4273.213252293612
131,475.6699028339011,75.10781023197265,2.460100652042314,4122.906433230482
132,299.8970294236572,54.628816157089375,1.1134676797818313,4203.427122687954
133,207.87883060031453,17.294159431688314,6.037801152745443,4697.197286597426
134,403.8536542632652,29.81648817548302,5.746596599104087,2949.1428475116395
135,948.6187335212672,71.49328872936363,7.474182601322427,1401.2690804043164
136,390.8826388186797,16.851777354127016,9.01232247716022,3275.526235336435
137,566.9115595690295,86.60862226438918,1.7146592617872658,3842.966721505725
138,732.7170630056601,54.56318743125769,7.583468413063261,3820.628270093114
139,427.26664214136457,53.25279195939832,2.68670749687824,2846.5206087509605
140,974.6038744488646,63.31670061935658,8.723593478414475,808.0642370011012
141,966.2025654479002,84.22128693326343,8.371571624754905,2170.0082229355753
142,326.60406624282774,41.30282871119738,5.867143794869899,4643.449738085108
143,547.5236553031468,71.02145373031573,7.392185187609804,3130.020093908417
144,370.7904788350927,60.9158767596212,3.8291510186537354,2922.4937446507106
145,356.35644493972086,34.03254431524792,5.240511090395332,1709.8408147198709
146,133.1982526190795,89.07669877196422,8.394732079394245,2158.020139624605
147,648.6079005819072,81.76834194462353,5.133386774558925,4529.057401189262
148,552.4111209059754,69.26066511925829,4.220184387928976,3499.0837138707607
149,146.33087612499043,86.55235561848177,5.447912025252699,4043.2416203854978
150,350.7818178129503,88.05647808638221,8.454243271934965,2544.554403804448
151,917.4392973699884,73.75266790435313,4.016872426337855,3336.1124875527107
152,315.6057016002752,85.33119955273048,2.5638543382216943,1617.726239344434
153,230.40538488210078,72.77243155023552,7.408126182977027,3674.573736275688
154,540.5074842498068,71.21266945842703,8.433803914372735,2424.2060016650175
155,987.0854086995406,65.67502403936659,1.9057373067118,2491.4548166663553
156,317.84974436035037,77.74449756018771,3.1588670148035023,3421.9504605959673
157,704.9219926652906,24.274459476376634,2.277747907848945,4713.26279661017
158,785.4576537958458,89.27836832790356,4.131472704239499,788.0285597387942
159,313.8737895931597,88.46591749707088,5.053158810148714,4211.344568061534
160,755.3947137506736,12.632255473110323,7.739437032669758,1815.723996854869
161,431.0048194473279,84.32350755082864,6.860328263935067,2497.6375452787
162,669.0752475342215,21.598288072610067,6.588357107305881,598.6099794875403
163,670.1767396848053,40.16069688332277,4.171374519486889,1854.7073502544085
164,582.1972156672826,76.9157430662447,8.57302797776284,2761.840591835587
165,181.26079304896746,24.46839064434774,5.241584506583481,752.7923480634756
166,851.7722460303141,83.6170321707156,9.81194444213639,2709.930782224243
167,388.70205847456225,84.89207601619677,6.707279244661631,4671.997829862923
168,267.8666593598688,55.67209603847526,2.1363826740805245,974.2694814851235
169,136.6976273992875,10.574728454515022,7.085598058678906,3939.9832763397694
170,631.8036488694177,35.83343198574215,3.925936138885291,2343.519740191967
171,709.8079256580542,65.5234226538168,7.1769447701748765,3448.281715359521
172,114.92904603507054,98.30675602246811,1.6267703334616517,1671.0646909335321
173,560.8837524693529,66.86321743150015,2.5739329345836346,1217.7151814361123
174,303.84619767814416,33.38232229577439,8.701635330152076,1222.0817642205188
175,680.6555113685049,67.06051327896502,3.044616013211634,817.2137553941509
176,256.92978610449234,58.59868417442699,8.53337012718646,1335.4101720555936
177,721.8439642922193,80.18608556360293,3.5134847960896938,3488.987232450357
178,448.0618116704837,19.628257494426258,6.785937190528369,4467.607753295786
179,943.0569898630611,78.49251122518253,7.247355161588479,4163.565585160228
180,223.7688497313939,58.71399208084993,5.613892778305477,3583.1043944351786
181,406.95971594523263,96.66928034730952,3.7477960902705814,996.943385349962
182,202.12616911653015,40.76849494348175,2.913799387339865,1801.3435083317743
183,932.2242564507065,66.93597038205533,1.298704191061836,1894.1309389511105
184,889.6054180428829,93.88252949590157,3.7355176111665145,1624.8062587892955
185,332.14746494364005,19.225875519161132,6.878465114781547,2817.525468693754
186,693.9856414307611,94.3505638512806,9.444743366036343,2909.9921669585265
187,835.4999801810942,71.9097150070732,8.840840340367468,2105.9868882699957
188,599.6807304395161,16.10533531946547,7.8945829888177235,2092.051214313962
189,576.6855205204058,37.086721025213464,8.096026089279688,4228.500190577366
190,317.6670618104065,73.73548797807534,6.984864131283957,4051.8178174385853
191,183.7924910253093,16.061554132189453,3.342581718094027,1885.0812425633553
192,907.494182157994,62.39534141586459,9.16475527635247,4612.047997429667
193,910.3762514469975,41.129475125766106,7.036590807152506,4787.667576511277
194,669.7913115459412,65.88239659907293,6.04396567882396,1970.3414391351837
195,405.1268119438306,14.116783043126157,1.9989052229213295,2094.912269568747
196,414.2886171513948,88.43831255371387,5.023499894257829,2775.3536903988147
197,753.3601109832155,97.61400722596572,5.143224440817336,4735.043656401531
198,907.3992339573194,97.19900697571224,8.78107248570403,4443.437449140401
199,898.3777818386055,77.46866485686323,5.919833981690096,961.555831626154
200,801.8879912718614,21.70776161175688,4.423604940733687,2267.288344721373
201,677.828481538859,78.24368763361203,9.791202956595933,2990.1703538739735
202,175.72596849554395,12.212822481292136,1.9964853399368412,2764.0961264819302
203,245.46584268515238,11.991119637609753,4.802935854807501,1372.383805716017
204,908.6987696743713,39.12491972345872,1.3782220765426476,4364.675470256696
205,645.7861536936309,53.977887136419916,7.659137086902373,3546.2335234857683
206,108.27734645496668,79.33666760270138,9.262688969792356,4270.587686833116
207,191.3243885794289,71.49658389458547,3.5203359659544047,4364.439257072625
208,697.1515921972502,50.13124357390735,8.725075091192089,3867.601341495829
209,104.55542546159681,34.62639996534993,3.62996407415708,2476.4477056237283
210,244.7272462757488,99.74120501419401,9.196931454795237,3247.4603975694104
211,593.8604104299275,48.356317201237566,7.785657132371055,1221.6443275388442
212,722.7056779234239,50.62483218967079,8.244160991572947,3531.4043786370844
213,686.7651335523404,24.726143907250226,1.1620590004040905,1306.6396508267635
214,301.8423785145038,81.53285938749364,9.665293213666233,3622.7731572957055
215,740.9612992127823,72.43140032033398,7.540038928632909,1533.1917233928589
216,313.52417874712006,29.869265150988436,3.7427598584751998,1028.98085067599
217,392.859728343341,17.414294105425842,8.464551983729622,1243.7802056433084
218,771.8422646062218,71.24493718672417,3.5336907857343696,508.9646084858162
219,684.6696091424932,68.90600928530216,8.85478455609515,3734.328280340886
220,864.3010694447602,34.59335742983884,2.013223513707433,3795.804720762706
221,691.851603070309,95.57772060253693,7.333173797147162,2817.2000746096674
222,611.4777430019244,23.59521026028102,5.866286289804193,1226.1326047492266
223,184.30729104528322,48.91013209383417,1.8688102317589674,875.9945187981039
224,430.9442227534902,94.9254328150839,3.177044454329551,586.0803489677916
225,338.6821309135529,47.775458523351006,1.111636326495833,1245.8667963434932
226,319.59067904117524,67.4673352897677,5.218911689180553,4508.849907424161
227,975.7094992772011,45.78349581665149,3.711387346840003,1586.915787657568
228,453.78795220008436,34.67936821138031,6.38521735867983,2094.2209724774702
229,902.841899659402,98.55798831638454,3.675140269377555,974.0546801659993
230,668.0247633975366,46.84006056835387,3.699272003562862,1500.6258713667662
231,815.3301731874835,90.4689283311221,7.6887387885844305,2836.510568510923
232,552.3733837946729,30.695914530197758,1.4332855238051811,3234.8870739304366
233,619.2134961637232,29.1794233622575,9.126054956727884,1604.0854137479498
234,543.2659244369775,12.802067459606022,8.670374869520632,759.7947165130274
235,275.71868901824007,68.65001428382965,7.0102421490376585,2259.647911073294
236,750.2069037353548,43.1673709351385,6.338994130966459,1553.9151691685036
237,352.6951261967702,87.79224248556733,9.03072248325687,1487.9926545341086
238,121.88436978830845,52.588891602240146,2.66797161575843,4819.382612210548
239,680.9250663164511,97.13740851232495,1.7107224597174575,3273.3521866657584
240,259.399611466344,26.697296413280903,3.155591529185843,3005.9529942744316
241,946.4127259176229,88.17608511600497,8.151204508301714,2370.987965854949
242,958.5357193023286,79.89371675125676,1.31203240053835,2430.249500435649
243,923.3779511984037,79.38296601796468,6.245261515751407,2934.0725172713637
244,433.14283022989997,86.03049053051988,9.95893764572179,3633.9341316624827
245,113.91095487598068,78.4921591848699,8.701264844537855,3659.6574328182323
246,935.4867063289529,66.35982894682738,5.693011201392305,1272.622584674523
247,485.3657334855829,21.81203899141488,1.572768183579781,2750.5073843448213
248,969.9893371393026,12.927356154212672,8.482361629471388,2353.811427653459
249,967.2579793803276,92.87630630341182,6.390806573594895,4417.371348212229
250,867.708509920624,65.49852830686643,2.0343969735361016,3341.3851454826936
251,365.00400286262715,81.68835618785587,1.844715563410206,2896.268298871918
252,446.58795574173274,53.3370116361295,9.186641374929332,1019.2758898051281
253,866.0230043651712,20.557737006615504,7.022802366442706,3225.3705019553513
254,385.2298046406499,21.26672129822954,8.4635811938508,1027.4175755610504
255,252.54347201748323,71.70087585060742,8.910810102540406,2017.4295900458842
256,601.1211362125151,48.72753054095164,6.1459511684349,1142.7888416644932
257,942.5392967447028,28.047225403030303,5.657017165795372,3614.33141160966
258,726.4268170074757,54.24350920672932,4.873846692888912,1428.1345122626867
259,613.0550530804285,15.778804336762068,3.8525192901200738,2263.367179346117
260,187.45884439369166,62.37742617229589,4.911363647728406,4530.536499284504
261,653.5065040292527,34.209406399158794,7.964916901571407,1419.4237252953662
262,991.048465093837,81.78031905734693,6.417310879136184,2785.122787814506
263,226.07561371287164,37.932576303121635,9.032709609593615,2386.7224752470993
264,566.4966871273631,50.969813417362104,4.99042012941269,581.5581847057838
265,889.6357647351599,11.045848591729058,6.463806208468786,4067.4115110776575
266,766.691755978784,16.5202199015103,6.681767977827898,810.7065784156987
267,727.3141668957412,45.32442007660163,6.32527446075693,2634.1475943962914
268,732.2356755883983,53.19449512454111,7.323703957769647,3023.052327225275
269,423.54203609777966,64.00184933073734,3.1369012153732565,3327.9190547656417
270,364.232659838044,36.24963208383729,5.611273997912116,3598.84233188544
271,828.4250399306623,72.54836975138883,1.938023225275129,1639.725725852218
272,829.1020552112627,87.41101574702842,4.460601948803313,544.9044949630222
273,880.3650867220933,80.18658900040148,5.38900361759138,3755.496480597104
274,921.9164973008242,13.565694281352144,6.870018335909252,2910.4546970641036
275,560.2081589748441,53.24562525320461,9.55477947327583,4262.529664432619
276,551.3646652184797,19.44371605763574,6.405859598935203,4196.247633053124
277,818.4656610700977,31.78405142762747,7.692345245589038,4294.967755045474
278,684.9675376999886,98.79963339404318,5.556394535456825,2682.9259699079307
279,731.770189531933,22.824598861136188,6.706936282386982,2001.3277812658955
280,816.2134024924909,54.899933810622045,1.638389945203961,4062.011911661165
281,901.0048076358097,65.63401608863072,3.289524227576623,2530.823508631647
282,404.19564116638225,73.22184734896936,4.256677838846248,1325.4898838154554
283,438.02465737594963,60.36838151382227,5.252440195058622,4347.383088026634
284,184.58374585678212,10.87937626772653,1.4108387095214536,4471.519445475563
285,620.4521268965566,39.38151774195927,2.2602168779798593,2598.3939026307658
286,132.34804641706788,56.59404790462403,3.491328770121752,840.6487728940435
287,519.0382163192141,17.907984923035002,9.743794218109455,2245.2174046261907
288,588.380171236819,41.55642380882627,3.9821230639274567,4115.919467581715
289,357.88712691545595,12.98827979122299,5.338369523008743,4557.983128458029
290,631.7499345121097,17.072064743951866,2.764879414645536,1415.6273412391813
291,127.45022494514448,45.72309485814365,6.497020639681915,801.3812541137219
292,133.61336987429297,21.94441786387543,3.5261489396437686,4448.077039097774
293,840.3405045936925,61.07867634354023,2.8629332059458408,2252.3222254049388
294,424.1715772701366,72.05184722235391,5.649153656013811,2937.924339204035
295,214.3544613866963,82.05280291981745,1.0495521924437874,4856.296154228415
296,570.0189340493239,28.01352198203291,1.0689762938430278,799.5412756140029
297,792.9941977887497,25.07343240331628,2.9716192819167198,3417.43103353443
298,294.2389247471589,19.411105630096024,1.3304922625073903,833.4744015869019
299,660.6014282371002,67.2787224589273,1.9722317871762223,2189.6101780992517
300,176.8127184943912,73.5828153838211,4.049745844048765,4117.1654533705105
301,146.51354905174693,12.842753034307783,8.223271116218315,2450.6250474003546
302,578.2191684113332,94.25910216193208,6.148437790323707,4987.3205925632765
303,586.5716094490958,14.677415528632517,5.614009533607748,3015.76678225971
304,673.6869113483859,58.71667017709634,3.6413994088730948,1945.2296868617907
305,753.4822003503954,73.81544675058248,9.385783474895348,1490.5009665713892
306,978.2668715162812,88.3872211371477,4.573135371134725,2077.342404287728
307,564.6703134710758,74.2678238919185,1.7838349011619434,2176.399731917979
308,390.6608256471214,82.15552747628126,6.5535986450602115,809.2115497578244
309,815.6675752918333,40.55051732885255,2.0245455412894127,2163.083897420479
310,343.74902613586676,83.3342602371861,4.107008285215229,2589.073338826512
311,495.0742786350725,17.210336174620764,5.56670744846028,3752.3198850746207
312,170.61074320803937,90.53349904544748,8.868002722166583,3455.282681247236
313,122.81566907391176,59.28331385383626,5.441919223061068,3689.445448531194
314,966.3835732101326,83.55679929662443,7.3203288942849785,537.6365684458569
315,852.3821084609853,50.70864560664701,9.935351550991633,1479.5032981124123
316,726.3767854843281,67.92199256768725,2.1834020790818345,3477.579297799354
317,468.0576499728429,57.37623948425019,3.4725837296756756,2677.952156808862
318,255.9648880637612,75.84305695797987,4.551184680378817,523.9106405075568
319,240.79333840397743,17.34669838275306,4.796453606849482,4120.2258909432
320,325.21860834813583,15.431687559150742,4.699189677389912,3977.6430798065185
321,594.3039982355084,32.23929106091318,9.168499023008994,2967.886233471032
322,743.1363304300561,24.359021210186953,7.426293800201708,799.0849659932246
323,694.1776390459581,88.46052099329815,6.471146926816334,3949.317722896631
324,351.94050725134855,29.72925886222399,3.784354460765039,3126.711144791138
325,959.3787525968747,97.82787302372182,8.414113457991652,4018.819897210816
326,764.1072250261917,40.320621259399616,9.5955446033649,3882.861465781282
327,598.9186472602606,26.390612411982936,8.390784542952039,4113.509323810267
328,650.548671610917,81.07286564282312,1.0140859467232561,2831.0362988208117
329,477.6400561850109,69.28369979507886,6.727612331650663,1131.4603318708173
330,322.9578905510417,54.837614480782506,1.4602184329789065,3520.208630208599
331,420.37541078613543,59.982719584386814,3.318464983003497,3292.1320327338676
332,782.0614994179322,74.72816004450374,1.5357223031299452,3840.139342395892
333,112.95413976678029,30.560926719816884,6.43415907654449,1264.4645272283087
334,204.46537645622462,99.67005244510678,7.179309221433461,1377.3883995513015
335,141.40237781957748,97.73138459321048,2.030388742593146,4506.842827486978
336,136.65592208707312,68.52931177122431,4.454549947404815,3874.9000930343186
337,869.9145256099065,27.958820583623062,5.106128580599878,4587.028199151453
338,733.2920734420213,71.22054181881622,4.321477195848249,3914.2189452376433
339,526.7564461785927,16.497856808125825,2.0892250043667375,3187.1988769563586
340,188.05074458590133,12.758725198522546,4.770530111687279,3443.5973166254316
341,542.4542876051491,33.19145996600923,7.760602430275763,4501.075657730045
342,526.1245937025092,51.636066106538465,1.639068980799299,3104.6303953037323
343,255.88168291901366,88.14452548675425,1.7216201267371312,3345.760959477743
344,490.4664843141757,75.44521627896772,4.192941626523858,1204.1452220162028
345,458.6542609576361,76.84358690799829,9.475531404570326,2632.6454905224623
346,654.2650882469948,48.29440010032678,7.017153820506227,3723.787003811445
347,671.5842857808794,41.13414932922666,7.108029610053083,1719.2421424236443
348,140.77360879484007,43.393488668614246,4.257279917540785,1410.143812360407
349,437.15135316382407,98.88846073624521,6.342947120876846,1912.22063700987
350,663.2739241428127,13.609827227123423,1.0911806562496904,1586.7528259677506
351,552.8226327220789,88.03283465102037,6.72486441768588,1467.1068666637811
352,870.8408570694901,62.080786771515406,9.21958252818613,2411.8287929063913
353,692.8242684570505,49.47538772706314,6.513161215103373,4585.273312475903
354,246.64098437328673,75.27318943736229,8.863287341197106,2781.7684103242323
355,163.51187266038687,53.80020472822326,7.515757499194844,1345.6417136689538
356,678.177350385684,88.60809142734945,2.085025747633212,846.3725122139333
357,123.86017948745963,91.06316776101326,9.122079765572575,3632.7026531206634
358,627.198023146117,47.95488341861099,1.597994599201974,2222.594439963745
359,946.2072172824618,34.914501751154646,5.805707252929874,4198.239259634116
360,617.9267600882911,63.3115295734026,2.279234114141119,3467.7984588834656
361,449.3529335858697,92.11270110550218,1.1053594965781366,4083.0865274361586
362,678.9593965981179,28.95959701050999,4.798308341148751,1723.7571773830193
363,512.4276014423649,66.06699252071346,3.6553663688874063,3615.6151510747613
364,591.0551103843414,66.84041980832686,5.374004444178427,1688.2789311217346
365,947.3183278988727,75.98017201737528,6.194798980610957,4725.808157526312
366,447.49237402069684,21.841091661453383,1.393651650780526,3363.684266900185
367,965.0715074415228,74.42424682138797,2.1070296561137107,1960.3031007890395
368,914.8155777604574,91.81292685990769,6.027781568053828,1712.8033803152268
369,276.2120213103668,26.171479798321776,4.088506178553924,1359.1696328223957
370,162.4251707876489,31.378899243148986,7.562561387945032,3625.884315021775
371,190.700201239684,97.42555846374756,6.8706248373274565,1484.220258490673
372,116.39964308639475,26.28792574385408,8.610439266909161,3178.8646966737006
373,184.99866468033554,86.89465840326213,7.2324354400230275,1690.857621164108
374,714.7060960747211,54.30500708032313,4.869379696511333,3478.8602515724087
375,164.06978361420607,32.25079669628593,7.056699601549892,4167.228778432426
376,387.0780672643852,88.36749111452603,3.4784305682987666,4001.113594150939
377,860.3877798725091,50.077472950239894,3.756821489003914,3923.830989188518
378,120.94474216224327,56.333561853672116,8.10086643928714,1344.7508256151343
379,833.0216343300422,42.33100324597891,5.01777564761424,897.7322614303341
380,353.66929729605994,63.36557662914347,8.185423064665173,3645.269728193235
381,206.34834485949062,24.717148532652047,8.401801363014506,2157.562462074581
382,727.0634488277356,45.197338298658465,8.718061038951554,2445.558018815063
383,666.0485621018956,97.24710901017588,9.249717122570866,640.1709175702598
384,889.7248121743477,33.23200894310148,4.878866984619666,1668.0940217377213
385,761.5639394234972,69.1062998087163,3.8698013648902494,651.5438174350882
386,823.1328373463638,39.267105780222536,6.2397887193470245,4456.3359767056145
387,353.8311153141758,79.61258131179406,4.340551810938648,1595.2850744833872
388,259.69558940175057,21.778629464651484,6.4096675012020965,3008.0172630785364
389,775.5532764767725,97.28389405706902,7.350272763794422,675.4069429750868
390,826.1512653405376,50.841058724527535,7.195645166429232,3500.8132608754613
391,991.454627800606,31.244541701181756,4.370975983181092,1953.6230558934224
392,471.3559092202838,16.614707259701138,2.501741815288775,4540.636341309496
393,434.81627721350486,25.27821145787867,4.874764046159868,4496.531850203161
394,798.7716646677972,56.77965537004159,2.283347296737179,1963.807782627865
395,406.72318622771604,40.33028587881577,9.010873316654274,4554.324030607106
396,937.6815930432083,84.59950292943485,4.112897146640717,4982.709530744504
397,872.5714766587106,48.779877129562536,2.390137725009914,4214.370488557766
398,486.0946246375165,32.384284532886696,1.229029839151758,4301.92106489853
399,775.7839610123476,65.5430487943627,6.8124014765783585,1620.5393124909046
400,779.0885866762142,73.60994951969013,6.732120857092689,3095.1607948599035
401,192.81148195233936,25.033771711085485,4.065437499231625,802.6516128531553
402,912.29761601161,25.08572946594859,1.6454069996288592,927.1307156975138
403,554.7271352030714,13.300428424018868,4.686660054057088,4995.016754149808
404,843.8117194969675,76.27618135590765,3.800957455570542,1969.8766224165993
405,388.0446409275506,69.74240748596246,7.094085757615084,3866.8276042198086
406,905.9709056465804,52.71677881748325,6.452013245074213,4129.992738620675
407,450.2815108607468,85.97534040722775,4.28134355377786,4361.104719532532
408,109.75388633226852,82.51031376550479,2.961032988294911,4989.327338309705
409,914.8437787773373,62.6818927957077,9.892323695400327,1586.7341836559053
410,182.1580091075202,88.14441524619328,5.086014590765034,681.5787208686487
411,387.38227383137337,28.52570890330914,7.194468122022133,2350.3618309756366
412,955.0557703457245,20.072765745795508,2.264976708205247,1085.3630142302613
413,955.5464322438005,34.277465036529065,5.37030729693458,600.9165012292481
414,616.0940993109575,15.137817048038336,1.2478304788251893,2121.920722136688
415,668.6534909528193,57.80525752009288,5.549096061194049,4026.822129838564
416,503.6009697804878,94.29451230654654,9.67615666405932,3047.813110512819
417,363.8896945282581,13.540918660165868,4.457860416872202,1907.5009514465933
418,395.79809083292434,20.989892260902412,1.3509641131742043,3444.5390247172386
419,705.2666104693345,50.697912545509176,1.2786021182740916,1544.0818113896482
420,777.137076493912,94.04875157751144,4.4918808395218255,564.7165073243826
421,812.4211393532637,38.45404944790755,2.4402244281687464,3939.590238963923
422,810.6563285150985,55.65113278195532,1.2101688669536732,3306.843881888041
423,182.08549274382133,13.741557314535289,7.805922525551591,3930.36181025432
424,544.9782742323233,23.350888086587997,5.126707079937016,675.2210750944953
425,151.80288401497984,98.79671106629623,3.603202947753891,4267.038325237934
426,594.575994091362,96.86068267924409,9.100748647148327,3287.867900163365
427,497.3774512360393,10.444598284096866,2.0452506418047305,3035.2790782068805
428,898.9337644824698,95.6630606880915,9.603269460597874,3310.7632165153923
429,415.82351129687083,67.52079440339503,3.8257004563961754,4389.949610907639
430,205.3603147848453,88.112646506802,8.995633050778132,3141.2142795150817
431,228.69251384755228,50.92658700704732,6.426485888315154,3114.276709496807
432,785.359568545725,56.40364257213252,8.440366237673388,4958.056206795946
433,656.396256984635,53.99619222312282,9.856118468894179,3905.285751808556
434,191.01040851051124,70.01778317914939,3.5956489403687115,2490.322124530109
435,175.69612550349768,22.568612928068163,9.650219368668337,3683.2865001481746
436,730.872218313208,12.697623088541015,4.505337054121783,2251.5371226130483
437,165.48670572777417,37.713694743207185,4.4696071426323005,1529.9395811757454
438,839.6740533613206,73.4212686462982,4.063483938290551,3185.8334459949174
439,735.6180044408466,28.166810691065354,5.872668466128267,4676.819441512782
440,173.2139025777098,70.60891899924256,2.387305388606384,4681.127840069582
441,176.35394267667272,97.29208414965434,5.983403368222101,2038.5737514747063
442,987.9756206510579,18.451064421047654,5.875343311690036,2874.5485979976274
443,436.8437161805083,70.53419064026136,7.85711631344383,1452.3615435643756
444,433.5779323602018,49.93751973741141,8.50284965743827,4980.3399927449755
445,831.5196105317523,88.13280289397548,4.963972152811817,4915.030585405711
446,952.5237196454729,25.94348105026473,3.7209992441634436,3422.790183683513
447,987.4009574405839,72.33633570035481,3.33401407585385,4119.86326854863
448,778.0403667330474,85.43037606832992,2.7516145303438475,3717.95072577665
449,438.6336269778242,95.0152797526621,1.5188282397912238,3169.2119856776067
450,175.15064502880188,71.49232254606812,4.08203180951242,740.0659864500396
451,799.4322243346932,54.74572876075846,3.4322292291770493,2546.439541486975
452,602.5638247622246,65.60625161810924,9.697756472797666,3536.5383597533473
453,481.79980832227864,88.20144860308464,6.019379436250396,3548.892262476581
454,915.7189465852624,61.35487719749467,4.125493351274568,2179.0517829007263
455,200.07773407553623,12.734835372715317,6.224208408943264,4737.6139399611375
456,543.3625938617732,93.78538259562801,2.2527703121112594,1253.1066450655144
457,110.21828029067716,72.0574075928405,4.996393742819826,2751.617507970023
458,521.7945777947136,70.88620471995219,6.636108892789575,3608.9778944787026
459,150.6729481136536,29.410763715794545,5.400080486132063,3637.1111265131417
460,206.9361246412647,69.29969232093916,4.616009205888918,3418.87530545967
461,205.7736220993944,45.44779650887426,9.944635500097284,1738.7969605333708
462,684.2892719044572,68.61096793373429,8.922832859340343,1202.9295590897989
463,771.440391338881,19.593372727719164,6.610653623434961,3361.731470720199
464,625.0318885874436,69.20607741427324,6.124396250640545,3196.8595226274697
465,965.9552936270877,99.94723531935999,6.585944318421257,1307.1020463015843
466,437.38352157133363,14.339083497450043,2.8118089704018994,3673.126155067535
467,357.14087765367464,97.94567657991855,4.5562396893788675,2548.2739628014538
468,881.7392153705142,46.621716465058356,1.3551357960180939,3504.922662214188
469,301.2362546675074,88.36781053035332,5.27991433738144,4268.151858965678
470,966.9002854965502,80.4146935652446,5.887221255618969,1263.7779285961542
471,110.9390272208347,61.0314634888001,3.0497476249288864,586.1519059857651
472,972.8909440368751,76.46042883261939,9.676259624489624,4005.9616387810406
473,138.8439207555185,89.06640051712131,9.185091498435177,3243.6384131867717
474,902.028802328264,46.37262894859297,7.499289119103153,3648.3780632995476
475,574.9309981776698,39.43298454069148,5.800479658888263,4271.697387448891
476,993.6683165073703,70.08340470072262,8.829722436829165,4112.649206710252
477,166.41690826185896,82.70613477471328,2.1758710944111663,4824.140661179711
478,598.4688559611886,78.60566212989542,8.114588148473965,2911.707854834532
479,972.3722820571891,81.80322839727711,2.1233873257016347,2698.230346969574
480,570.7880597531339,49.20249833316397,8.147895962944649,2308.4923995082854
481,666.4587743217363,83.60507945575195,3.481908114262213,1191.6096927989204
482,726.1738200861555,20.81881498335476,8.8938152291637,3076.732547969101
483,509.0869582909959,59.00401881647646,9.49637884442858,1746.5563594669045
484,664.8022720756571,10.518279444830942,2.3391637246460406,4645.883804958389
485,625.8828807307902,39.21272469102433,5.164080445588541,3124.3586192469393
486,911.0422094418901,42.98153813842581,9.828886403464166,3167.780812286496
487,140.90174230731208,45.655542244832986,5.35066692375832,2097.160973946545
488,352.8668706330073,72.5920486020876,8.771927702630906,733.9520838996837
489,955.3703356689028,44.97022911433112,6.298583699181878,642.8469441784488
490,901.2374055018247,50.38242603602776,4.377969171276417,2405.0081486893887
491,510.0910775071416,31.378971778689472,3.5720519997328317,880.5442014375703
492,658.1193380213831,43.59266124664061,2.8290078197747857,3230.811299930626
493,349.6430646830194,30.454266453683633,7.856183722399275,4464.378525378459
494,269.30904375138516,16.587633139159927,4.478864561407251,4473.116674334249
495,517.328564445984,64.31037340432401,5.60147915980676,3465.7043455950457
496,418.01700522344754,70.13915186995146,5.430929320010637,1450.5432416281897
497,625.2905006657849,65.7541311408653,6.195511263098181,4383.485741114924
498,169.96117326848633,51.71446394205151,8.79019431062097,4487.420458909437
499,976.9553268995498,44.18072021613068,9.826654092250864,1384.9411322883143
500,987.5896700316426,87.70002846146427,4.668257877164352,3818.4173859680477
501,728.3455426177707,56.71736066225962,8.447670298956726,1789.3379701720532
502,582.4867297097084,53.126368986675786,7.8807501518924585,4111.881405588183
503,378.57485465769497,12.307785922579212,6.1617605631001595,4987.570549566212
504,832.4155177362538,40.71230448635407,9.604424292507398,635.1170239822677
505,716.2580552984914,44.21760569072713,2.804270639755625,4538.146396059194
506,246.35524541040218,45.894050280721046,1.9833778927865926,3301.8374011939613
507,919.8344660444582,62.215513230459905,8.6856577025988,4880.221786241696
508,840.2835186308521,58.02422920541906,4.952348349703735,2592.542828868924
509,954.8199219627317,64.71145835141002,8.622719687863544,4313.245687571181
510,753.147557549524,78.83949353879154,9.037811846758734,780.7733086922476
511,652.0736763422109,83.16871648444841,1.562118342571643,2008.7557253523307
512,476.418732661557,74.6310768603845,8.951182866874547,801.5744198804448
513,939.4556350186119,95.99713263594413,5.0348714983248,4889.044100655818
514,879.4575005503675,11.640932440872547,5.59389240103809,4176.382582723265
515,140.69680309557046,27.620018711519148,6.639332599838892,4336.463395606867
516,123.73027704752681,10.68065874803279,9.33744346057078,4720.843541452524
517,438.8170301902446,68.27272427391426,1.1720448498678762,882.9656875390341
518,829.4979977036496,90.82274940549883,5.291591214860354,2235.1891663100005
519,988.54851638345,31.913406691866935,7.189498381875046,819.6570006980096
520,235.37520199317535,93.4331090316676,7.5043626192840565,1448.568956975129
521,634.7176438169216,15.424065126060476,7.232791883833972,1532.1459966695256
522,442.80177096791937,94.09924241249628,2.2099161646730967,2610.982449714104
523,972.9229580331429,41.6460418515671,3.694560295345131,1708.5297535413915
524,857.9070308221378,19.127874560429486,4.228439728753122,954.4014806799249
525,854.495834240024,53.72845832676931,8.239934869115544,1253.7099009234846
526,521.8238438154733,33.109891094845715,3.508838851730977,1162.7400359844091
527,473.33755210389864,35.638561176573056,2.8963446748048285,4878.845590605342
528,346.0663647376356,37.65609684336579,9.617032171342865,3916.8162811331313
529,150.7379469858344,82.27233080493971,1.07976956602122,4854.9265937130285
530,878.2501386295479,58.52451490077291,9.980387701137804,2478.8321892855884
531,831.6109082170698,38.01769292404033,7.091391689716561,1752.6581674819547
532,999.7459059575175,64.93004049798265,8.456223695042054,4092.31938744134
533,996.9731533665148,74.45356068008742,3.6515745671157385,1968.1426311851606
534,599.8885350423648,34.53616006601804,1.1288374990035397,1847.2251816740672
535,792.0886736624594,47.21941913728163,7.64082566705377,1546.2769649352404
536,950.2891568941852,20.96974840032528,8.507301373006083,1083.555402009059
537,864.6826516096703,26.303441458121227,7.664285187581672,1654.0837745754468
538,322.6132915688779,71.30060685684845,2.285652585707547,2098.9388681324945
539,505.48972177908416,26.329451292606425,7.7808513003127215,3532.973936655787
540,216.24347363634547,57.26470453003542,7.920305038968769,781.5417899875321
541,958.6459245328501,73.81416355501895,6.926864641030494,1447.2812284940433
542,645.557171005792,19.618923078526947,7.895043395160275,4140.606381312544
543,305.77852495311646,61.058099766601316,8.613292957099588,1161.1486561269685
544,704.5306159652711,33.09065053312274,6.522437028137126,2041.9031593513469
545,656.3154164121063,96.66341877138218,1.7974424257271115,4390.965148361631
546,422.3464462295565,53.51910820479323,5.388650287004898,1197.1639001454919
547,202.2018329796661,82.53932947976423,1.6988440120444457,872.3157602818545
548,704.4158760335197,59.52038879406356,4.667887279291877,2680.420977860049
549,568.276930813414,13.907127956933724,4.663958402130649,1860.8878007534138
550,795.0865525620754,66.98362380346201,1.5940885972621741,3035.3376401773435
551,568.1471510007941,95.62630079859913,4.139384805725314,4117.122007175638
552,866.9633502866861,64.1450638131698,1.9989828891218335,1117.1681966873443
553,596.716154897037,83.72699734841112,8.274116890083,3113.145880494282
554,604.8441743818477,89.5785817013567,9.529192233680236,2774.7894217543876
555,888.9882423925105,30.527179475403923,1.6508482773214475,1148.354537059398
556,463.1345795911573,29.0840355917404,9.596036865625313,3307.993184880421
557,220.61370560557665,64.98828899658926,5.703189394030707,1731.3818803734723
558,125.90440868200508,46.99256228260342,3.696091101584865,2695.2544334480563
559,779.6235301062571,85.58751725800484,1.6917586774854716,870.2254592467784
560,658.2785962181182,91.002081105821,5.50561841263376,2568.1282574613037
561,733.6717912893013,41.807924137244626,8.150639900416738,1879.0856061926913
562,291.66774535801966,31.318350307703387,7.363778295400284,4200.715450334094
563,222.7343280280928,80.24729637194757,1.4520341031757638,756.4042714881573
564,113.09019910109373,34.73254319933225,1.6561165183111317,2383.7327371324845
565,415.52880292593727,84.03528866623105,4.625859543693734,2562.941408591471
566,630.9259181691698,48.13644282838865,3.6576144464314897,3762.5273433460343
567,453.0196405897591,70.07949093623233,3.0914589075044305,3084.2940879059497
568,493.72742982135617,18.59817824512014,3.5290404901784225,3502.455517373815
569,913.7428250443736,66.14733922089158,8.23134468967196,3996.7217854329024
570,413.4299203209703,50.65909108635062,9.363052482686685,4379.913381461849
571,562.5905402438298,62.79476168579267,4.645924250748098,1912.4397352511173
572,805.2877114670288,25.12127869703771,9.154999019192473,2921.1021741375635
573,456.88850408914317,76.31863704497638,3.8934613112309377,4280.486352976399
574,659.8780302050861,87.65173697889057,5.287932877094125,4952.530089342754
575,876.1273378720707,29.506582008169808,3.0342609803439977,4502.836899696935
576,954.5685612918779,18.614309996814555,6.7642843795825955,2171.6026818096952
577,232.36613283613414,12.127472744170277,9.81083003657328,1378.249327483927
578,933.9288626453449,67.77743503989393,6.431437864390408,2702.2664183296492
579,542.9046637715844,64.63846324799027,4.22032675702194,3837.38653326219
580,332.41994946906254,59.2027671442663,6.830357013914755,2716.5608183898394
581,513.2221806144352,30.875238650437787,2.106286106188488,2674.313884911508
582,982.0293177569293,45.18153963149632,8.997931722388588,4272.0368948681025
583,543.3562845935826,63.50287016675557,5.527755557018527,2126.317005802339
584,395.8764492587574,54.709017297325246,5.0441476783567785,4369.0760366524055
585,670.0607688850532,98.90069681933986,6.272783096081673,2330.621604282756
586,316.1310569003738,22.27957773010598,6.623054765104622,1977.0489755525273
587,168.27699529779753,72.56300986428344,1.6459822560386173,2542.954600398645
588,215.9917497195843,46.38868912938629,7.143554991010622,3931.011314036908
589,215.2412550619952,48.53796534330533,3.177385122839766,1067.009125387974
590,236.71242416106492,74.58379890923587,7.4255736925593085,1383.886471424078
591,224.9444553844691,72.31925361919326,8.40281314945777,4781.501715483914
592,676.7872703228932,99.21303943319695,8.235626567972684,1289.7123232161082
593,263.69207595923035,21.55548605087127,5.972508706671002,3054.7729306897454
594,411.1005549914769,19.36986844457497,5.68152903079676,3106.9150999787203
595,907.1095689154106,75.1904935415867,2.2858836520547055,2703.3100792261016
596,526.5654762365851,62.05482253057682,7.978115353628221,3401.3536185956837
597,700.8019646689245,34.67445999038253,3.4426844240204293,1534.2202660892829
598,255.08788408146685,17.147743209008794,5.470258805361519,2986.980204995367
599,273.06011692780373,17.70924246367875,3.5584668363476504,2174.7796486110374
600,136.78175463983098,90.47717871977065,2.2044552669972384,3477.502668331351
601,252.0415567649481,27.268059224686862,6.666019272025629,1135.5059451791726
602,350.73130512876276,39.10344059039687,1.4889883134061344,3068.948375777643
603,259.30943584907214,30.399076200428922,7.7378071071358,1333.7165992249566
604,179.83228038135005,41.94966752487436,3.85828115735005,1753.8937840176638
605,208.5722839905407,16.248145847148404,1.001212237040368,1484.1941014561244
606,514.7008912294532,56.715381181744334,5.6001622531350685,1322.770009409677
607,285.7003465652133,16.085130723299343,1.4216671767484281,4215.699282023002
608,427.84287494326793,82.03208570401254,3.4855260203880953,1785.6840544740064
609,553.0755437693712,31.034087371938973,7.362788387101445,4672.057018390022
610,721.3553457664287,58.601072314405954,1.5642065945967927,4864.669364053359
611,135.38092585698905,89.20711788053124,8.554046431204021,3070.672114716938
612,819.4693590181383,68.57896321424747,1.034379303927248,1143.5050519957688
613,665.110350541817,57.966200789620174,3.2214148228171204,2185.4670952081156
614,173.5831287539847,39.190037780383804,7.668136505368643,4089.795185066963
615,886.2207616960995,39.97017217523781,3.846431347563761,2153.258279136817
616,928.7851604786318,70.25382596783712,1.9170314925941216,891.5774823625493
617,154.97016386937736,99.47254250990508,4.242105269203851,3005.532099176846
618,349.18988333248336,69.56552708644408,3.4335395774607296,4303.043831732157
619,825.5811518137552,60.20050756330224,8.584407119444993,4081.668742145761
620,773.4337213452925,75.75854592153215,3.8201312582662883,1288.0541305865895
621,266.0689174207396,51.86850510553463,8.100392245984064,3527.4407648561
622,288.41439100303927,15.412810834070669,9.026849303296613,1492.269185460412
623,433.4248925122438,60.60671342901188,4.904356776188766,1481.933905484775
624,536.0706866719192,96.18627560548421,9.189488294689529,4433.322979873334
625,656.4292943772664,25.777264812189365,4.395862485668736,1623.5102873310357
626,432.02227561279517,72.10044017385991,9.676705748410974,1684.6130593310504
627,516.2812445198331,28.084031979315082,1.8036057207301563,502.940258425848
628,772.7238443203809,58.22449160257732,7.183173398529185,4418.01065356483
629,133.01488260153812,18.700880468204765,5.444326364112358,4066.676659441106
630,327.19324990961866,50.53338426323666,4.488839249100824,3322.980207908051
631,742.0146272960972,78.05469960057215,6.694406908737408,3876.19593772479
632,905.6861539184794,41.28143718150839,7.334713824708981,1184.2185534102132
633,560.5096979040995,69.84205520384963,1.0392694268527818,2562.4561756440894
634,578.9021367387841,81.59049647107562,2.5025777987247886,2080.487243069514
635,196.45481020579845,93.44600375315073,7.417414455708868,921.9943681565742
636,502.6711301411092,31.117787366990818,6.997468722203858,2687.5871834671584
637,579.3555398095209,45.938432422837735,9.694427546158096,4643.328426541859
638,318.2234532712567,23.71744119973757,7.849340112257047,680.2660357281252
639,342.31890785444284,99.32351519425377,9.556954369582042,1811.5741107220724
640,439.55574679416037,93.43008711318657,7.322864513813263,1433.9342129256656
641,118.06407799995372,58.59614172525036,3.6824698777549885,1571.6599414956333
642,389.87124902486045,85.78299649387792,1.9482843002577082,4587.955483457188
643,290.30320629689015,56.8862179544838,8.03641477010442,2606.3107440543054
644,394.7476169601232,66.12271192024838,6.797342993283243,2598.3473582291845
645,207.7859186373261,18.021198890441497,1.433674111539666,3922.5903910487705
646,901.4745526659054,77.97433784471271,4.240454193108805,1195.214918022166
647,634.2332081986438,21.494213527171134,9.611198339358575,2692.6940934502286
648,711.1920872300407,84.34608672272755,5.503610311391811,2434.9334635447685
649,810.2541147466045,80.38252789033473,4.894562224177342,3186.0981074599526
650,548.5979790361516,73.78702279686789,5.119296446433646,4998.009664626974
651,178.22825927868132,13.254434247228591,2.8799445160464736,3962.5200233692117
652,583.395887636693,37.28155203507957,4.318364537783157,2290.3956635784225
653,628.1570062187913,33.680131291975854,4.328319303884589,4223.988735233212
654,770.895526765897,42.41227667243672,1.4711951816872517,1268.1876349061608
655,488.49359160671145,17.88784720874547,7.908108656661264,637.0865883903206
656,214.8222725160074,94.32620407279565,4.7485398871349105,1420.0176760892286
657,355.398315218852,59.842201664113865,8.39961898134781,2031.8520025141686
658,426.7740667587716,37.49718795922212,8.653132010079059,2797.6134085680196
659,681.325517198441,45.72833653668551,2.9079464922879223,3268.081132435399
660,613.7004742020207,50.24822864543521,6.916181339531157,4597.725727464898
661,420.4870533080616,64.05349000245556,5.250536237466836,2794.3430429770597
662,987.8637239136817,56.4111484926848,8.921410641293367,2755.7404008157823
663,645.1973374211984,92.74527758929756,2.941666112588087,726.0935442034196
664,313.504112562395,54.726713461524724,7.100318802790398,657.1019869530071
665,191.60422535836335,99.29422133409814,6.469769100274503,2980.2198286236744
666,237.57322526589883,86.62824619705862,3.6577132981464953,2471.80375961755
667,321.3619555460573,28.765946292160223,2.2294081328605535,4276.311777411343
668,244.6132359336001,93.75356931795247,6.8647578442954895,1223.0581312033032
669,267.9103216461752,20.472975809692848,7.647377123190976,612.3724795267232
670,356.5856518244624,83.57047376420724,3.84064609387015,2520.6744556855665
671,256.03623576527934,44.256096412892205,6.803493436200824,1568.6535053851587
672,907.0888821637826,89.01768884005625,4.556178168503529,723.2646800247685
673,172.21037109547797,88.12510210967054,7.41886194954356,3760.69229081433
674,572.0602506132292,82.5332860105859,2.792937474046478,1002.1684998076137
675,469.3571442906954,81.10273926763553,9.01193502372557,3237.4377500349724
676,984.1407552177458,37.42112251882367,3.5866863681902177,1764.7238757510013
677,200.8350119512471,17.282735474612696,4.310073889805376,1280.732226597599
678,458.07003914116746,46.268216088864534,1.522827568723148,2208.881853136929
679,972.523389947832,25.61720634878578,2.0036099108914875,4106.505993003291
680,878.9564133045823,72.54559800122155,5.642757124410953,2264.421096070577
681,835.3648638543519,41.1489753884007,3.4083340905517434,3878.4634214497505
682,332.1125443404459,97.80491807739234,8.51932203167975,1064.6883355961781
683,253.79882865105924,67.68748696107988,1.1322404978945846,3977.471388492856
684,701.7788979319879,84.02325072709249,4.411846438047426,1566.1999620799188
685,936.4383902148272,21.927220546766357,4.0361099209218345,3548.2690844999274
686,601.0866037125368,87.58130340453603,1.1739486782584092,3046.0169967844836
687,614.4514205229099,93.0481471462055,2.119315591004592,4681.151227452593
688,351.98118429425574,53.83557269370423,4.722784074267717,2242.951330888913
689,792.5436398727433,64.56276439758797,5.43578126002702,797.7433497549821
690,268.339373701771,78.83288208126959,4.638607725293822,586.199684980638
691,391.31131276381933,25.73547645343713,5.778439105708845,4220.86352437739
692,482.8927947547751,55.23094688170982,6.356185074151134,2861.3103694764445
693,556.8493408160095,45.87967249950818,1.0893143901505207,3988.5982332572717
694,318.1687591735722,23.17365929460242,5.176856435081535,1554.915200051816
695,203.35314226528317,43.07809800623783,9.671493167988295,2052.876854809552
696,649.5580381974694,16.135507844694423,5.671290521165939,635.4674249509352
697,359.7674979162302,12.323071625453828,7.097880407130579,4826.715460583505
698,623.114399280351,22.16496602393405,3.8067747212519487,3505.4055801536606
699,238.92644374678207,96.68036004302564,7.965922403374863,4699.422894916878
700,533.0260916693358,59.45765823055153,7.956293336885036,1694.7338334308254
701,579.3304892964272,96.9239945037898,5.69166442888725,3251.5862505154737
702,146.6411831401842,48.924809049711875,9.784124409512922,3553.24985731687
703,402.9438503745285,38.06345197767336,2.1299519328638805,1928.973651159148
704,220.97320924507682,55.55276765562197,1.152528984006229,4316.491557570335
705,157.037473425491,49.55605197696191,7.931423905813864,4762.226583051115
706,990.9642091509508,19.509821583556953,8.264399836283943,4481.8480296320195
707,390.11846047725066,67.67436832211857,2.0818650620851864,3825.8013917271765
708,828.8870012691714,29.443436425863965,3.390245496627455,1748.5910587622932
709,329.17658928738746,65.76291594080466,1.1579712702996603,1767.2721894753429
710,713.3524500015363,68.51809831583381,3.639777497025082,4835.121442007171
711,784.2050739007179,23.68223678157833,7.958276865268044,546.2802317106141
712,636.0748665470599,15.521466439960134,5.6616447494132105,3722.2248795896503
713,524.4185696951425,80.26854274615958,4.132860338514593,3678.1077314986796
714,470.6568227325417,51.382038139238816,4.345653654156973,3302.1029342740885
715,413.9814398886958,15.234741595492821,1.0121826314392135,4955.489807390896
716,936.5762298230433,99.53796854527904,3.698204748087123,1903.4574609367635
717,847.5574670089562,15.200250489672998,6.8181286747413745,2029.8733870696167
718,968.5242195998613,72.55317059726978,9.767749994347215,855.2273132595
719,211.86750113699026,98.53110327370723,8.623547442855095,2492.5916144468183
720,757.7807276832798,31.526209379433304,1.2123546818097621,1674.7183680568164
721,944.506411138934,22.802443181847657,9.087045442073554,2045.240159799399
722,263.1097595490941,20.9246445480186,8.048785719687633,4255.573056150324
723,159.84664063009973,37.294763281083604,8.023385112138824,4709.68031087373
724,767.0085843610532,19.0941229909582,5.121961831032143,1335.7988240233353
725,617.0258018619207,72.29452075247187,4.582047636590525,2176.290191990596
726,857.6458990824449,15.606261831705641,3.7262415594987335,4678.837529519274
727,225.79513896366055,55.84799153348107,1.591253730589292,778.1380731015018
728,815.7405806739011,99.70271684676791,3.0541182714432917,915.6223765012032
729,281.46458804297004,83.25732425554169,3.2194327148022217,1232.5594514280322
730,247.29034857913405,65.36974944079098,5.356693627391814,3178.4577535709363
731,247.83921813789365,37.56282587079505,7.726999659370246,1177.1252195269885
732,833.117248208244,66.15062526624746,5.26428845558152,4856.3437165283
733,698.6774986265801,57.433731752048644,1.5206000450244455,2510.2153726633414
734,570.7588822922073,48.347504550133436,9.620108208893836,2756.830821575749
735,422.94743571115225,21.76393390661795,9.48451887184701,1609.9637711243292
736,889.4804867317974,89.79437937164201,8.066705888335676,2619.3211359563006
737,453.20059668037186,50.48061839391902,9.921951114077984,3478.6113468665517
738,834.9394955244194,27.516026063868857,5.900340995202367,3880.2971162931926
739,495.22141771319656,43.09834157895607,9.664915152278855,3892.4063721946086
740,439.24998648241683,47.27167772760343,1.680445365550757,3100.5100071233974
741,516.4118071026458,84.47841060101868,4.291126734352342,4569.618987472358
742,371.24008674772784,76.02529425052619,3.0284314120608924,4178.3353128774925
743,772.848442158626,79.23744042772059,2.7624977572084304,3906.7165161438143
744,552.4483510832313,10.992813798578249,2.267226540034085,750.2248475620728
745,308.9914256321356,47.45385983617854,6.60172277409397,530.9508299884219
746,909.6171159471116,53.32097364717912,8.031896701725746,1456.0127473796283
747,445.5020992358903,11.727304914075102,6.204685594783246,3485.8561726105354
748,589.1975750025897,33.38318878705308,2.322664386293887,2350.388699971456
749,915.8248998680923,78.42608408099215,8.300113929401238,2310.8281668469026
750,661.8141963225929,22.339873515609916,6.723592364473556,4480.6409970332625
751,205.20823663752765,58.17791183073325,4.493491355142959,4530.032816593274
752,945.8489112521277,29.368168481551375,7.067172659824567,4591.288688241136
753,664.9372477642761,11.090869717950394,3.3391448131854955,1912.451344317623
754,401.4150531913775,31.708131183958734,4.106729876447894,3609.751157326678
755,225.34486539704852,97.82863794190484,9.257372588187913,1722.3493157346634
756,814.6226703432663,82.13834006946907,3.6145405510427837,1357.7442488350239
757,658.0654803356622,96.361897988893,5.229894413421429,1330.8460580631613
758,580.1149827786894,53.90686395337262,9.011270236564132,2039.4842938861732
759,904.5033247458618,19.876257880975317,7.369492152407747,2434.8092890091975
760,809.7374901020777,59.31635400763236,1.5598290354823248,4239.271269747807
761,236.50739175947606,50.89396011039648,2.325727398510733,1039.5099206272043
762,380.54986101599343,85.99213744656544,1.0705743169472512,3807.166313277024
763,323.64022583301914,18.827432270582015,6.678296112062471,2891.547113851874
764,769.5516633154093,53.94170233196004,5.029060828693765,1795.7540420419662
765,130.17919126220144,23.50437982245858,2.2084736581204796,2717.6881303977107
766,612.9007163841849,39.22083342010539,9.621407089510933,1849.7393139966018
767,786.2128171666214,76.36213696490196,5.766937515510579,3182.368798572377
768,889.0890730855745,52.84163164318899,3.1770396470160027,2452.297652848599
769,407.8735738443167,43.82994566311924,5.505432140392368,1239.8248808549542
770,839.1315742048116,45.50286507130318,7.11658299461597,1024.6238355006353
771,199.5685632596865,51.350209156538796,1.6861529617620803,2960.130569324586
772,861.8070625610663,80.65148894533512,3.472334335431028,4560.858649787466
773,214.73979609878415,90.2876220046211,8.262689417955944,2047.809589509585
774,457.55856150433056,95.98012178535355,5.136983833623951,3798.5004825018045
775,817.5658292015983,80.82130476297655,5.919194278290654,3463.9760972289514
776,234.9256846138964,38.38662061732114,4.895344019885224,4691.997114392664
777,306.32625570937734,71.93212354778879,1.395099483787046,4194.414577846133
778,750.0273115537597,49.384281164985275,2.4917480183814034,3049.7236650745836
779,748.0328828914669,32.92035598414461,5.009874748677018,3456.637242053483
780,677.0328695967676,85.67844214833303,2.8826691886713505,4542.739099628157
781,724.55360002039,13.458371406609249,1.4498112579371085,2297.8345306412066
782,588.4519990128365,91.15857929218812,8.592846976466413,1970.576176359998
783,326.6191530162575,51.53297181622607,9.830732762477043,548.6498763583835
784,411.1263941535275,67.34813291274523,8.138285865970655,4219.479833861589
785,263.43794512128306,69.34185299852044,8.684064295342004,4104.413151815143
786,917.6055052002655,90.56059666358827,3.1777941728534085,970.0453314506813
787,625.0526152895084,67.30027139504867,9.645642779618798,3095.858215097151
788,460.7662750872759,65.25402262840555,2.7723313400808554,2587.9176417509934
789,515.8052232797195,15.998683650462096,9.562868293256491,1034.1909297910015
790,952.5550056506338,56.656721975068365,9.95337364569356,4912.557021773256
791,238.01626280447218,23.51521007353375,7.405505251714438,1466.1314935850996
792,627.6068488151175,76.3690391849337,9.830293586126396,802.5538104075251
793,555.2998109960195,56.0999728731407,6.125858016103933,3176.8132077585933
794,650.308811891183,71.2205001287518,3.335876048584813,3824.900047098647
795,116.29916543875646,13.750561054214584,4.932962970990587,645.9955072123413
796,884.9115180497363,17.63128144412229,6.342048418409074,3464.2293742715997
797,938.9064542352512,74.4691049256414,1.6577340582431348,2895.313441781545
798,608.619865230288,16.487590239880603,6.601089381555215,964.6925399377178
799,726.9857414892031,16.413105498873275,9.83060053086065,1276.3574462586294
800,930.2494430595661,11.08976277113987,2.7109688480535485,3055.884337922362
801,736.5147708820588,96.0851258469532,8.13335604659545,1833.6092608097977
802,237.2851386228352,76.37575235131062,9.171089144016575,4722.420778930922
803,618.6595241501318,41.79262676518577,9.493314335381987,4184.331032678228
804,646.0435417445703,36.68820231588897,9.641220439649025,4926.052429311484
805,481.7176041721474,41.47329067712646,5.693136748493248,1668.518775276863
806,762.7998120622506,79.71881780630636,9.795771171923533,4863.756347590896
807,940.9303132921134,69.5233549963373,7.81579186420995,2440.5524140620105
808,933.0116616160986,26.667601108072112,2.455042926132657,2063.8345789118957
809,505.7554342637189,25.66984018006759,5.29210095821173,726.5728713620896
810,201.91424125667973,18.85560847420576,7.464980578348036,737.4436603682118
811,986.3570790661012,69.42724477312044,3.22606284237175,3614.050651759946
812,855.0082778013407,78.79353959995623,6.765536651939986,2560.6804749531257
813,212.19641308294015,33.85417854925036,6.999404311419573,1519.3473171624755
814,928.7576943556351,11.885046492782154,2.464297694277093,3262.866378463547
815,882.9067258559154,17.39545007287846,6.085767812074806,1637.8615321255004
816,566.9542514134649,97.10740313605274,7.944642198807469,3099.3428945499018
817,632.1478921704363,36.59002997296783,5.490060980823477,2116.4393614221062
818,459.10243348311724,79.23008330543203,1.1089280509849668,4205.985019753185
819,149.2854749398282,66.21972119688374,1.0813462217136296,4193.132723450507
820,401.6775174813108,44.37456756876063,4.21326409573011,2648.076791550806
821,822.5681037382103,28.51185359759996,9.335746615886038,2078.6859920075703
822,104.16882070414258,20.92477763434658,3.058091016432479,2131.5190845159254
823,400.14925452202976,65.35116712349799,6.709273199845184,4125.715365506981
824,458.351824231849,79.71704025740092,2.998682836239885,1976.807672589254
825,583.6560426441306,67.95138281870176,3.8950299069359375,1440.767181680807
826,927.8700547714844,57.727191992424245,8.632378806413357,881.0975384388807
827,411.7113949293651,13.775610108847264,7.559752980429522,2600.119043979838
828,412.2578817066049,97.16398998349455,1.8585934958188957,2669.5944451392884
829,763.7511232987736,81.88427724891172,4.858318188877902,4284.089196813082
830,506.99614680082647,36.35398330308683,1.26252787280738,1495.5741340072877
831,302.1443406459838,98.19732964229655,5.328011319427081,2214.4607315077997
832,507.19556451942407,64.16934306726898,6.9619061053096125,4137.8258250216095
833,226.7713183418199,62.418039238652185,2.066523612383364,4206.306248370381
834,258.748287855601,77.3265861486579,3.5999644501824912,2230.749841904457
835,548.5309954655318,83.05928092811239,4.580529629519413,2566.058104790064
836,477.03290455409314,69.08307465983523,9.275779221904447,1864.7865088217732
837,923.3613109612901,21.528617172958,9.939295138806676,4696.496952886904
838,426.1545092049698,40.44407553950485,1.4042016909605426,1033.8969458371114
839,622.5295152502391,93.52752762934448,7.849071311458529,4701.872403506615
840,669.0378591275773,30.215405065946673,4.3455165976210886,3577.3990332590447
841,111.78501092950027,43.4950321453762,4.5321236760653205,2892.0746870902904
842,697.1836348150396,48.88691946497764,7.788384760123204,646.9657735302314
843,260.2323701827763,49.5464490725007,9.265837889308678,2640.1828631990375
844,964.9632857225097,65.1645624245073,9.558357350522936,2334.8664725122953
845,233.79645497780166,94.87682539702368,6.194103274344887,1225.4846538880515
846,473.16171135432137,31.662344064925446,4.214090433704525,3453.843215752956
847,176.81470127077947,20.935123867082623,8.087941772729014,4870.179083157286
848,997.1868266613526,27.77234408739436,3.2590124493607022,3029.849649790363
849,551.9755092981184,89.82324101883425,6.07666625950166,3716.3897439977563
850,635.8465155880394,68.12297313896855,4.227206153723858,808.0270365470756
851,160.36882964958474,35.73161103152441,6.909679663370885,2379.5014811764763
852,774.96442335926,83.43522450717555,3.163590216041562,1023.6131832402315
853,288.91503378602715,87.52329967270924,2.7243365116134317,3257.581259914297
854,908.2488604966424,86.18629048212502,9.264151780078933,4723.169711963696
855,284.62567643380646,92.7033880275599,1.916233146545832,3477.9997961223735
856,271.6189485972999,32.701691815602544,5.5536211696143845,845.6137174148969
857,132.8947010632854,77.95377358716505,2.9876750466670803,2095.9979224328727
858,524.8602505989993,51.4485547546726,1.350369669931007,2977.985207483832
859,608.3570199363548,85.77986976010554,1.3241693646228376,2314.4349025996353
860,159.13777548551712,75.5641609445452,2.576995948952446,4251.398047138276
861,797.9748550255096,79.88027018497522,8.800933190554002,4166.019521194951
862,507.9599512732249,69.05456539129644,3.54230869579324,3253.2395904644964
863,571.951242394822,25.968589252273617,9.554132535177661,2180.560753097174
864,496.6864722444053,59.05242270072445,6.234600636902742,1649.0136819345987
865,460.6867547877934,98.62027655720574,4.929527707918895,976.4344319590818
866,603.6762981773961,94.36492598474071,6.220799512025091,2097.039575689493
867,239.71622133764126,13.885636221731051,5.65028546703641,2359.276327434738
868,263.73531744574404,24.833333415649342,7.828986283815927,3541.203162968331
869,875.6070589121656,21.85558961091057,3.5424645937556702,3461.7192093390804
870,951.5039159202695,75.3381918986766,4.177453524402722,815.4866283856563
871,435.9783846517777,83.60067968712505,9.046848722799256,2278.66691944021
872,343.6702058291984,29.216022967960473,9.518108618353649,1318.0049024781288
873,679.5995889151142,55.52674236566461,9.033024047378271,1205.6571739256256
874,467.8607539882868,85.663272521008,4.775031945615822,4222.859673817607
875,122.84772009431038,75.95213902896255,8.023289527061936,688.6184752231588
876,240.5373376295713,58.80134849426634,5.287021599709889,2386.322941559546
877,744.3750059626577,63.13129214128956,5.477858669314919,1256.9164509493319
878,693.0315477191363,55.752449222465195,2.8421209815155555,4456.985970553133
879,124.38639325313514,36.77936061869385,6.320172729326648,3006.682309737658
880,299.7749457396545,60.85197935731145,2.6752230797801313,1541.2128636958162
881,307.96731692926426,71.99967718450816,3.984082291604744,2760.922792248694
882,704.7034692388555,88.59906242747269,8.695271814579417,3791.6886186640213
883,117.73948397892774,67.26622185813233,2.863682282897697,4811.531040137452
884,193.69772378611646,78.50093833388422,1.6404245665608954,1492.007019104385
885,819.9244768358705,24.40644714591157,1.6210683335153466,4487.817974582053
886,260.69019584890026,51.54017269778109,9.46706068452797,4704.368513753706
887,687.4714970666872,10.839845784438397,5.562283941656512,4623.892450394298
888,314.36450294205383,32.20109780694607,4.684708646353165,3359.3646058785944
889,189.49725348341065,75.38155436017044,8.297907229071265,3334.1929449561844
890,318.85497189950866,99.26289562144271,8.522433351194644,2314.4478493272027
891,750.0402386700932,18.92602896284943,3.9897192980404412,3885.7904703670456
892,870.1268212956571,46.13448842751594,7.242562517264157,2890.823082579194
893,847.1978781102924,82.00638718292436,7.940105342666979,3548.471320527325
894,457.46517665660934,28.363207116600897,6.891856181793591,2428.0605673195796
895,701.2766229135816,59.95764543720576,2.3643556732008943,3791.734088194126
896,284.48586587423887,75.97641664267073,8.882947751653514,4210.12182922047
897,363.83295723491193,65.43869052341611,5.851850974624078,1158.9631547126726
898,906.7022366690078,26.922226115387453,3.542251837330033,4248.1837200840255
899,111.70173115966243,41.984611181716545,4.827053668939245,2931.3343930563824
900,176.95767776902127,80.54126060368574,1.3381398135901663,4300.996590906009
901,287.0976296314246,59.8803862718815,2.150801211001758,2440.857678534566
902,123.87898348643775,10.470665218862147,7.8899207546427474,2205.6821842236577
903,263.2918915808176,78.48916840252845,1.0001047127982954,4617.773296327501
904,624.737404872723,13.178021944621516,4.749092456340629,1630.261703967806
905,479.28209553324814,77.1160404458109,5.702591629770296,4298.9554637876445
906,903.4045399692774,28.223250414871366,1.4917097800087507,2678.0925762923184
907,835.6992055645968,96.22661321074422,9.757703466750996,2813.4294914806687
908,407.63561652808835,43.11466761718761,3.0351279812470473,1888.107266702678
909,333.4810900881632,39.42384547042712,3.7377884767265277,3078.6899027855707
910,441.7231673505402,23.39992452992002,3.735482610295246,1963.450383242951
911,631.265448263327,37.50437939411934,3.073749959056149,676.7123640874354
912,341.2572767405886,88.89856856453805,1.0132643987768026,1723.9937240496022
913,661.7340170642207,99.67009038645226,7.564103146791967,528.705695329658
914,468.47048697211636,43.14785774561635,9.701609498193568,4902.596541755855
915,596.8424627667822,50.37495678590883,3.0186413495654056,4845.862444188863
916,492.51387622178504,74.98638443824633,6.967424726230802,2278.1988386253724
917,365.0191835877259,89.75762024185671,7.677066942628436,3777.668844528407
918,953.607976265941,63.37399007681057,8.635828411814723,2056.1274428469123
919,787.2452147437847,45.23731283600464,4.803662773122483,3519.9192068868924
920,226.10185818980727,47.13596567637614,3.726378150763863,4124.435193706906
921,881.6211783081216,72.60563318471262,3.92765620620728,4760.403101115084
922,538.6880784245623,10.289643724385082,7.413591997886615,2300.955241323524
923,905.0970042046823,65.76304037138567,8.351015198550725,4024.8409233022144
924,819.8697303525837,41.99437093972217,2.6345257098094237,1696.6780278445344
925,482.6921540223101,81.47775981493758,4.338469073419887,4956.495367071418
926,120.22237748810565,18.369157584081893,9.11746177074235,615.9631944395801
927,341.8096234464515,62.93820402535515,8.260241677252653,3215.879629255044
928,587.4707931947803,53.28756008975114,9.863725624862283,3467.776917430972
929,670.1303978435326,67.80929733147048,7.788234337138727,3596.20500683358
930,332.09891688988205,15.836823503467151,4.5387568092513,1041.7441045509006
931,225.4204666655417,62.198540868531815,6.31574050595174,4723.384025629087
932,851.4372131193692,60.533612916357136,6.949128288225882,1315.3247557253726
933,985.9619626331969,60.459408497455385,1.7061023468541157,3302.3903145792847
934,573.1211640724173,64.31388999368093,5.900472631934786,1502.0423560538823
935,254.51135726347314,70.8821143503726,7.383887456253486,1882.473876595719
936,345.07659386743205,82.44900997126928,2.505891736009543,2959.0634377765596
937,116.55160889272005,34.28386481153929,8.025685456830015,2377.370383540594
938,922.8689259044492,84.25444691620558,6.253955024627005,1221.0152043942783
939,205.975974601127,54.843011403710825,9.569996071278352,1269.2138108938173
940,618.8648279628283,16.935245122089803,1.3818006838620254,2381.6515467325985
941,346.6496986184854,15.269583631958128,3.3879352379992027,3907.773402239753
942,598.7602022642141,40.08144868264547,6.413984913698417,4540.840910815048
943,686.2783495166778,80.64072794003208,3.669039209853376,878.5744801672228
944,846.7676233364815,73.69128412668242,7.42981747664118,2268.967584017305
945,285.7791445845429,80.97534682051658,7.831047542697379,951.1050367529449
946,109.89624579263243,56.55421507974484,1.9226436765982702,574.6661628466904
947,223.19706706192653,49.61790981599415,5.624690177860909,3477.734071897805
948,910.0167776632945,23.270727403565555,5.580015000319503,3211.022488849645
949,886.5010698062637,39.53734782483804,4.3235269319398695,1233.586012166988
950,637.6717919532774,49.061742955648775,9.396323763127048,1552.1577489187885
951,640.465174390288,17.97403867116555,8.44755687885899,606.6848914003327
952,698.5330070916299,29.855075744009014,7.274884437186731,4257.262425624816
953,257.83415076110464,63.840276465736494,7.428939721614978,4886.107682218481
954,922.9707513324638,76.20968028152708,5.1554452943180715,1109.5679155761086
955,476.8934724028658,99.85127602536546,9.288950689869182,1541.6384619438415
956,444.8246754245477,93.98019982092019,7.251358845279569,4407.842857761203
957,567.0259347545538,67.83086795816723,7.560829554902348,4669.087090802832
958,142.26937009754954,47.91232479646648,8.755218134086107,2388.3232226306463
959,249.65503188047145,67.25596282374094,3.4666443040797192,727.8011252108336
960,764.2302547837334,80.70864562722087,8.263638134800328,677.2632516176873
961,174.51880113261382,20.65025718310486,2.7571654266084282,3082.774397310547
962,642.8368985197494,46.891440072665944,4.1080775702039904,2268.0279900193054
963,320.81419871318883,85.58220570720555,4.020494088428585,628.9359240994453
964,450.36605263777886,44.54496567397396,9.806729215502266,3124.6357654065055
965,359.82436309362987,61.46850441044679,8.708835013731342,550.8614146506011
966,420.1054448184542,62.89924247759784,7.310528754312338,4043.1738116717283
967,747.1413146658209,26.602862782027543,7.5435108545385114,1878.9477021651721
968,367.4095440608575,42.601189748705956,6.05865514962314,681.1610135415444
969,609.7641762672074,40.1060159867739,9.523816003976671,3147.58499442419
970,528.4453619791897,12.35770376788583,5.466328775941254,2289.579864948746
971,697.3040488263833,12.177258750221972,4.424659388829051,4882.101860107173
972,943.1467653922822,84.85273393081961,2.467318032384319,2948.89398126666
973,759.3148874892253,34.576372897553114,8.075850870349523,1738.5763146665372
974,293.44634073168106,56.62708896149339,7.609995388680323,3692.4748908528863
975,128.06482155515621,36.88530162298957,4.459195346717214,1721.714011442201
976,336.03763986984256,94.66113206038065,1.2267407256330642,4569.094811334043
977,635.5701376302294,33.336708297919635,8.550975949462096,2186.248867283194
978,146.2832321358253,48.66911314650416,1.1027618510866626,2974.4085324929233
979,546.7296224811128,88.54572254361416,7.333298016661459,727.5789672090299
980,637.1585640252002,85.77402101126278,9.732313987534514,2417.5455707850388
981,400.81950173526474,26.749127606164958,4.938951953333831,4245.635928474478
982,793.8209833712398,82.23789788161393,3.114760644963575,4125.419624135038
983,195.93842782039462,51.23681980641034,7.343839090390436,1509.4335148408682
984,167.62400356222787,53.46719848768197,8.354153278140267,1517.355819547532
985,755.369880583243,22.01319751743494,5.917872844700626,4177.873904959566
986,545.9421845855786,17.254136238141218,9.703317477305315,4686.792890761964
987,719.5621567849624,75.51453762763887,1.46501849492165,929.1241457285159
988,491.34460474337163,54.68150371197698,5.543160384740753,2525.2638774180136
989,321.76182991519613,49.31656323536616,7.466085525902951,2018.5442553390303
990,837.1920859067798,75.65574057871571,8.76376424034261,4418.098049558477
991,819.4742910720813,78.89616090919988,2.6133005071701105,875.8621160600844
992,725.2268237689841,24.30173509024182,8.200031335873133,1450.0667415111684
993,344.9306235069664,64.92026345298771,5.974363681466907,3886.1075191392247
994,631.2076001821783,22.1818674049917,4.568983137909669,730.8223204154701
995,424.8765072460241,77.62375774261412,2.185435257211842,2716.409213214302
996,182.42386599397074,69.12596406404256,8.787661830180213,2489.48165605874
997,925.5822179160185,96.09531589751121,2.415458873617438,2004.805305449369
998,223.13676782706526,16.206221472077907,3.7880907328818934,2275.5754189351574
999,955.2136184387222,15.134924903612887,3.610409787661932,2884.732641186048
1000,501.40519566216017,35.39683672238802,8.842726307717689,1226.1531127477242
